id,Title,ReleaseDate,Rating,NumberofReviews,Plays,year,game_type,score
67,Metal Gear Solid 2: Sons of Liberty,"Nov 13, 2001",4.4,3.24,100.0,2001,new,Amazing
68,Super Mario World,"Nov 21, 1990",4.2,4.41,324.0,1990,retro,Amazing
69,Death Stranding,"Nov 08, 2019",3.9,2.56,88.36,2019,new,Great
70,Marvel's Spider-Man: Miles Morales,"Nov 12, 2020",3.9,2.56,98.01,2020,new,Great
71,Dark Souls: Remastered,"May 23, 2018",4.3,1.96,121.0,2018,new,Amazing
72,EarthBound,"Aug 27, 1994",4.2,3.61,81.0,1994,retro,Amazing
73,Castlevania: Symphony of the Night,"Mar 20, 1997",4.4,3.61,82.81,1997,retro,Amazing
74,Super Metroid,"Mar 19, 1994",4.3,4.84,121.0,1994,retro,Amazing
75,Super Mario Bros.,"Sep 13, 1985",3.5,2.25,324.0,1985,retro,Great
76,The Legend of Zelda: Majora's Mask,"Apr 27, 2000",4.4,4.84,169.0,2000,retro,Amazing
77,Star Wars Jedi: Fallen Order,"Nov 15, 2019",3.7,1.96,169.0,2019,new,Great
78,The Last of Us,"Jun 14, 2013",4.2,4.0,289.0,2013,new,Amazing
79,Terraria,"May 16, 2011",4.0,1.69,324.0,2011,new,Great
80,Resident Evil 7: Biohazard,"Jan 24, 2017",3.9,3.24,169.0,2017,new,Great
81,Metal Gear Solid V: The Phantom Pain,"Sep 01, 2015",3.8,2.25,196.0,2015,new,Great
82,Overwatch,"May 24, 2016",3.2,915849.0,361.0,2016,new,Great
83,Half-Life 2,"Nov 16, 2004",4.2,2.89,225.0,2004,new,Amazing
84,Fire Emblem: Three Houses,"Jul 25, 2019",4.0,2.89,144.0,2019,new,Great
85,Grand Theft Auto: San Andreas,"Oct 26, 2004",4.1,2.25,361.0,2004,new,Amazing
86,13 Sentinels: Aegis Rim,"Nov 28, 2019",4.4,1.44,13.69,2019,new,Amazing
87,Persona 3 FES,"Apr 19, 2007",4.1,1.96,70.56,2007,new,Amazing
88,Devil May Cry,"Aug 23, 2001",3.5,1.44,100.0,2001,new,Great
89,Mario Kart 8 Deluxe,"Apr 28, 2017",4.0,2.25,361.0,2017,new,Great
90,Fire Emblem Engage,"Jan 20, 2023",3.9,351649.0,2.56,2023,new,Great
91,Pokémon Violet,"Nov 18, 2022",3.5,567009.0,11.56,2022,new,Great
92,Hotline Miami,"Oct 23, 2012",4.0,1.96,196.0,2012,new,Great
93,Pizza Tower,"Jan 26, 2023",4.5,131769.0,1.44,2023,new,Amazing
94,Psychonauts 2,"Aug 24, 2021",4.2,1.44,18.49,2021,new,Amazing
95,Metroid Prime Remastered,"Feb 08, 2023",4.5,138384.0,1.21,2023,new,Amazing
96,Halo Infinite,"Nov 15, 2021",3.3,944784.0,40.96,2021,new,Great
97,Batman: Arkham Asylum,"Aug 25, 2009",3.9,1.96,289.0,2009,new,Great
99,Mother 3,"Apr 20, 2006",4.5,2.56,32.49,2006,new,Amazing
100,MultiVersus,"Jul 19, 2022",2.8,230400.0,31.36,2022,new,Good
101,Xenoblade Chronicles: Definitive Edition,"May 29, 2020",4.3,1.96,54.76,2020,new,Amazing
102,Half-Life,"Nov 19, 1998",4.0,1.69,169.0,1998,retro,Great
103,Marvel's Guardians of the Galaxy,"Oct 26, 2021",3.8,1.21,26.01,2021,new,Great
104,Danganronpa: Trigger Happy Havoc,"Nov 25, 2010",3.5,1.0,144.0,2010,new,Great
105,Cult of the Lamb,"Aug 11, 2022",3.6,346921.0,7.84,2022,new,Great
164,Detroit: Become Human,"May 25, 2018",3.5,1.0,121.0,2018,new,Great
165,Final Fantasy XV,"Nov 29, 2016",3.3,1.21,121.0,2016,new,Great
166,Persona 5 Strikers,"Feb 20, 2020",3.7,986049.0,26.01,2020,new,Great
167,Limbo,"Jul 21, 2010",3.5,931225.0,169.0,2010,new,Great
168,Pokémon Platinum,"Sep 13, 2008",4.1,1.96,196.0,2008,new,Amazing
169,Stranger of Paradise: Final Fantasy Origin,"Mar 18, 2022",3.6,368449.0,2.56,2022,new,Great
170,Killer7,"Jun 09, 2005",4.3,1.44,7.84,2005,new,Amazing
171,Grand Theft Auto IV,"Apr 29, 2008",3.8,1.21,196.0,2008,new,Great
172,Metroid: Zero Mission,"Feb 09, 2004",4.0,1.44,56.25,2004,new,Great
173,Final Fantasy X,"Jul 19, 2001",4.1,2.25,72.25,2001,new,Amazing
174,Danganronpa 2: Goodbye Despair,"Jul 26, 2012",3.9,944784.0,98.01,2012,new,Great
175,Final Fantasy IX,"Jul 07, 2000",4.3,2.56,46.24,2000,retro,Amazing
176,Halo 3,"Sep 25, 2007",4.2,2.56,144.0,2007,new,Amazing
177,Metroid Fusion,"Nov 17, 2002",4.0,1.69,62.41,2002,new,Great
178,Final Fantasy VI,"Apr 02, 1994",4.4,2.56,37.21,1994,retro,Amazing
179,VA-11 Hall-A: Cyberpunk Bartender Action,"Jun 21, 2016",4.1,883600.0,29.16,2016,new,Amazing
180,Dead Cells,"Aug 06, 2018",3.8,643204.0,84.64,2018,new,Great
181,Far Cry 3,"Nov 28, 2012",3.7,966289.0,196.0,2012,new,Great
182,The Stanley Parable: Ultra Deluxe,"Apr 27, 2022",4.1,350464.0,10.24,2022,new,Amazing
183,SuperHot,"Feb 25, 2016",3.7,697225.0,144.0,2016,new,Great
184,Plants vs. Zombies,"May 05, 2009",3.7,516961.0,196.0,2009,new,Great
285,Shadow of the Tomb Raider,"Sep 14, 2018",3.3,272484.0,23.04,2018,new,Great
286,Mario & Luigi: Bowser's Inside Story,"Sep 14, 2009",4.2,700569.0,43.56,2009,new,Amazing
287,Ghostrunner,"Oct 27, 2020",3.5,236196.0,10.89,2020,new,Great
288,Watch Dogs 2,"Nov 15, 2016",3.3,306916.0,43.56,2016,new,Great
289,Mass Effect 3,"Mar 06, 2012",3.7,603729.0,53.29,2012,new,Great
290,Goat Simulator,"Apr 01, 2014",2.4,113569.0,70.56,2014,new,Good
291,The Elder Scrolls V: Skyrim - Special Edition,"Oct 27, 2016",4.0,192721.0,42.25,2016,new,Great
292,Far Cry 5,"Mar 26, 2018",3.0,311364.0,43.56,2018,new,Good
293,Call of Duty: Modern Warfare 3,"Nov 08, 2011",3.2,344569.0,100.0,2011,new,Great
312,Pokémon Moon,"Nov 18, 2016",3.3,419904.0,62.41,2016,new,Great
313,Zelda II: The Adventure of Link,"Jan 14, 1987",2.6,571536.0,20.25,1987,retro,Good
314,Battlefield 4,"Oct 29, 2013",3.5,185761.0,50.41,2013,new,Great
315,Dragon Ball Z: Budokai Tenkaichi 3,"Oct 04, 2007",3.9,189225.0,43.56,2007,new,Great
316,WarioWare: Get It Together!,"Sep 09, 2021",3.5,159201.0,4.84,2021,new,Great
317,Beyond: Two Souls,"Oct 08, 2013",2.7,187489.0,29.16,2013,new,Good
318,Digimon Survive,"Jul 28, 2022",3.4,27889.0,206116.0,2022,new,Great
319,Spiritfarer,"Aug 18, 2020",3.9,263169.0,5.29,2020,new,Great
320,Little Nightmares II,"Feb 10, 2021",4.0,323761.0,6.25,2021,new,Great
321,The Evil Within 2,"Oct 12, 2017",3.7,292681.0,7.29,2017,new,Great
322,Bloons TD 6,"Jun 14, 2018",3.8,58081.0,16.81,2018,new,Great
323,Sayonara Wild Hearts,"Sep 19, 2019",3.9,525625.0,9.61,2019,new,Great
324,Metro 2033 Redux,"Aug 26, 2014",3.6,131769.0,15.21,2014,new,Great
325,Melty Blood: Type Lumina,"Sep 29, 2021",3.6,37636.0,3.24,2021,new,Great
519,Mario Kart 7,"Dec 02, 2011",3.5,351649.0,100.0,2011,new,Great
520,Castle Crashers,"Aug 27, 2008",3.6,237169.0,88.36,2008,new,Great
521,Rain World,"Mar 28, 2017",4.1,168921.0,1.21,2017,new,Amazing
522,Mario Party Superstars,"Oct 28, 2021",3.7,267289.0,14.44,2021,new,Great
523,Bully,"Oct 17, 2006",3.9,403225.0,44.89,2006,new,Great
524,Mario Kart 64,"Dec 14, 1996",3.5,525625.0,94.09,1996,retro,Great
525,Octopath Traveler II,"Feb 24, 2023",4.4,64009.0,66564.0,2023,new,Amazing
526,Norco,"Mar 24, 2022",3.9,148996.0,654481.0,2022,new,Great
528,Assassin's Creed Odyssey,"Oct 05, 2018",3.4,595984.0,46.24,2018,new,Great
529,Transistor,"May 20, 2014",3.8,614656.0,31.36,2014,new,Great
530,The Evil Within,"Oct 14, 2014",3.4,395641.0,23.04,2014,new,Great
531,Metal: Hellsinger,"Sep 15, 2022",3.7,103684.0,1.44,2022,new,Great
572,Halo: The Master Chief Collection,"Nov 11, 2014",4.2,126736.0,26.01,2014,new,Amazing
573,Pokémon Crystal,"Dec 14, 2000",3.9,512656.0,51.84,2000,retro,Great
574,Uncharted: The Lost Legacy,"Aug 22, 2017",3.8,574564.0,22.09,2017,new,Great
575,Resident Evil 3: Nemesis,"Sep 22, 1999",3.8,720801.0,18.49,1999,retro,Great
576,Sea of Thieves,"Mar 20, 2018",3.3,125316.0,28.09,2018,new,Great
577,F.E.A.R.,"Oct 17, 2005",3.8,318096.0,12.96,2005,new,Great
578,Mafia: Definitive Edition,"Sep 24, 2020",3.7,176400.0,7.29,2020,new,Great
579,NieR,"Apr 22, 2010",4.2,552049.0,8.41,2010,new,Amazing
580,The Walking Dead: Season Two,"Dec 17, 2013",3.5,312481.0,44.89,2013,new,Great
581,Forspoken,"Jan 24, 2023",2.3,44521.0,63504.0,2023,new,Good
582,Max Payne 2: The Fall of Max Payne,"Oct 14, 2003",4.1,305809.0,16.81,2003,new,Amazing
583,Shin Megami Tensei: Devil Summoner - Soul Hackers,"Nov 13, 1997",3.8,220900.0,1.44,1997,retro,Great
584,Dusk,"Dec 10, 2018",4.0,237169.0,6.25,2018,new,Great
585,The Elder Scrolls III: Morrowind,"May 01, 2002",4.0,301401.0,13.69,2002,new,Great
586,Rollerdrome,"Aug 16, 2022",3.7,67600.0,185761.0,2022,new,Great
587,Final Fantasy XVI,"Jun 22, 2023",,178084.0,1369.0,2023,new,
588,Pokémon Sun,"Nov 18, 2016",3.3,360000.0,57.76,2016,new,Great
589,Yu-Gi-Oh! Master Duel,"Jan 18, 2022",3.2,28900.0,4.41,2022,new,Great
590,Injustice: Gods Among Us,"Apr 16, 2013",3.0,132496.0,50.41,2013,new,Good
591,Pac-Man,"May 22, 1980",3.4,182329.0,27.04,1980,retro,Great
592,Final Fantasy X/X-2 HD Remaster,"Dec 26, 2013",4.1,135424.0,10.24,2013,new,Amazing
593,Mortal Kombat X,"Apr 13, 2015",3.3,184900.0,50.41,2015,new,Great
594,Shin Megami Tensei: Digital Devil Saga,"Jul 15, 2004",4.1,431649.0,4.0,2004,new,Amazing
595,Star Wars: The Force Unleashed,"Sep 16, 2008",3.2,173889.0,54.76,2008,new,Great
596,Shovel Knight: Treasure Trove,"Dec 09, 2019",4.3,198025.0,14.44,2019,new,Amazing
597,Ghost of Tsushima: Director's Cut,"Aug 20, 2021",4.2,119025.0,3.24,2021,new,Amazing
598,Donkey Kong Country Returns,"Nov 21, 2010",3.9,271441.0,28.09,2010,new,Great
599,Street Fighter III: 3rd Strike,"May 12, 1999",4.2,582169.0,13.69,1999,retro,Amazing
600,Return to Monkey Island,"Sep 19, 2022",4.0,56169.0,289444.0,2022,new,Great
601,Deus Ex: Human Revolution,"Aug 23, 2011",3.8,312481.0,33.64,2011,new,Great
602,Spyro Reignited Trilogy,"Nov 13, 2018",3.9,304704.0,20.25,2018,new,Great
603,Chicory: A Colorful Tale,"Jun 10, 2021",4.1,271441.0,968256.0,2021,new,Amazing
604,Sin and Punishment,"Nov 21, 2000",4.0,210681.0,1.21,2000,retro,Great
605,Outer Wilds: Echoes of the Eye,"Sep 28, 2021",4.5,56644.0,2.56,2021,new,Amazing
606,New Super Mario Bros. 2,"Jul 28, 2012",2.9,337561.0,37.21,2012,new,Good
607,Wolfenstein II: The New Colossus,"Oct 26, 2017",3.5,291600.0,22.09,2017,new,Great
608,PokÃ©mon Diamond,"Sep 28, 2006",3.6,337561.0,86.49,2006,new,Great
609,Into the Breach,"Feb 27, 2018",3.9,286225.0,11.56,2018,new,Great
610,Marvel Snap,"Oct 18, 2022",3.7,58081.0,717409.0,2022,new,Great
611,Nier: Automata - Game of the Yorha Edition,"Feb 21, 2019",4.4,99225.0,7.84,2019,new,Amazing
612,Five Nights at Freddy's 2,"Nov 10, 2014",3.0,72900.0,29.16,2014,new,Good
613,Mortal Kombat 11,"Apr 22, 2019",3.4,240100.0,25.0,2019,new,Great
614,Witch on the Holy Night,"Dec 07, 2022",4.5,9604.0,59536.0,2022,new,Amazing
615,Dying Light 2: Stay Human,"Feb 03, 2022",3.1,84100.0,1.96,2022,new,Great
616,Asura's Wrath,"Feb 21, 2012",3.7,186624.0,4.41,2012,new,Great
617,Tales of Berseria,"Aug 18, 2016",3.7,308025.0,10.89,2016,new,Great
618,Ender Lilies: Quietus of the Knights,"Jun 21, 2021",3.8,75625.0,1.44,2021,new,Great
619,Moon: Remix RPG Adventure,"Oct 16, 1997",4.4,327184.0,439569.0,1997,retro,Amazing
620,Prince of Persia: The Sands of Time,"Nov 06, 2003",3.6,230400.0,30.25,2003,new,Great
621,Assassin's Creed Syndicate,"Oct 23, 2015",3.0,315844.0,31.36,2015,new,Good
622,Sunset Overdrive,"Oct 28, 2014",3.5,198025.0,12.96,2014,new,Great
623,Metal Gear Solid: Peace Walker,"Apr 29, 2010",3.5,248004.0,16.0,2010,new,Great
624,Code Vein,"Sep 26, 2019",3.0,105625.0,10.89,2019,new,Good
632,Mario Strikers: Battle League,"Jun 10, 2022",2.7,61504.0,868624.0,2022,new,Good
633,Limbus Company,"Feb 27, 2023",3.9,576.0,10816.0,2023,new,Great
634,Resident Evil Village: Winters' Expansion,"Oct 28, 2022",3.3,11449.0,227529.0,2022,new,Great
635,Tony Hawk's Pro Skater 1+2,"Sep 04, 2020",4.1,248004.0,7.84,2020,new,Amazing
636,Need for Speed: Unbound,"Nov 29, 2022",3.5,7056.0,86436.0,2022,new,Great
637,Zero Escape: Zero Time Dilemma,"Jun 28, 2016",3.0,122500.0,8.41,2016,new,Good
638,Deus Ex: Mankind Divided,"Aug 23, 2016",3.5,149769.0,11.56,2016,new,Great
639,Guitar Hero III: Legends of Rock,"Oct 28, 2007",3.9,239121.0,47.61,2007,new,Great
640,Sid Meier's Civilization VI,"Oct 20, 2016",3.7,117649.0,21.16,2016,new,Great
641,Nioh 2,"Mar 13, 2020",4.0,133225.0,1.96,2020,new,Great
642,Gears of War,"Nov 07, 2006",3.5,272484.0,28.09,2006,new,Great
643,Final Fantasy Tactics,"Jun 20, 1997",4.2,256036.0,4.41,1997,retro,Amazing
645,Tekken 3,"Mar 22, 1997",3.9,318096.0,17.64,1997,retro,Great
646,Far Cry 6,"Oct 07, 2021",2.7,88804.0,2.56,2021,new,Good
647,Horizon Zero Dawn: Complete Edition,"Dec 06, 2017",3.8,106929.0,8.41,2017,new,Great
650,Xenosaga Episode I: Der Wille zur Macht,"Feb 28, 2002",3.7,169744.0,1.44,2002,new,Great
651,Everhood,"Mar 03, 2021",3.8,100489.0,1.96,2021,new,Great
652,Don't Starve Together,"Apr 21, 2016",3.4,51529.0,27.04,2016,new,Great
653,South Park: The Fractured But Whole,"Oct 17, 2017",3.7,136161.0,12.25,2017,new,Great
654,God of War III: Remastered,"Jul 14, 2015",4.0,104329.0,7.29,2015,new,Great
655,Pokémon Ruby,"Nov 21, 2002",3.7,244036.0,49.0,2002,new,Great
656,Fire Emblem: The Sacred Stones,"Oct 07, 2004",3.7,253009.0,13.69,2004,new,Great
657,Library of Ruina,"Aug 10, 2021",4.4,22801.0,206116.0,2021,new,Amazing
658,Uncharted: The Nathan Drake Collection,"Oct 07, 2015",4.1,131769.0,18.49,2015,new,Amazing
660,Pyre,"Jul 25, 2017",4.0,234256.0,3.24,2017,new,Great
661,Paladins,"May 02, 2017",2.6,27889.0,27.04,2017,new,Good
662,Dead Space 3,"Feb 05, 2013",2.6,95481.0,10.24,2013,new,Good
663,Devil May Cry HD Collection,"Mar 22, 2012",3.9,52900.0,4.84,2012,new,Great
664,Bayonetta Origins: Cereza and the Lost Demon,"Mar 17, 2023",4.0,13456.0,2304.0,2023,new,Great
665,Armored Core,"Jul 10, 1997",3.4,38809.0,272484.0,1997,retro,Great
666,Persona 4 Arena Ultimax,"Nov 28, 2013",3.7,145924.0,8.41,2013,new,Great
667,Wanted: Dead,"Feb 14, 2023",2.6,6561.0,10000.0,2023,new,Good
668,Luigi's Mansion: Dark Moon,"Mar 20, 2013",3.3,142129.0,18.49,2013,new,Great
669,Gorogoa,"Dec 13, 2017",3.8,148996.0,4.0,2017,new,Great
670,Valkyrie Elysium,"Sep 28, 2022",3.0,19321.0,47524.0,2022,new,Good
671,Castlevania: Order of Ecclesia,"Oct 21, 2008",4.0,233289.0,4.0,2008,new,Great
672,Deadly Premonition,"Feb 23, 2010",3.9,185761.0,1.96,2010,new,Great
673,LEGO Batman 2: DC Super Heroes,"Jun 19, 2012",3.5,198916.0,21.16,2012,new,Great
674,Lunistice,"Nov 10, 2022",3.6,17424.0,93025.0,2022,new,Great
675,Sonic Advance,"Dec 20, 2001",3.2,198916.0,16.0,2001,new,Great
676,Metal Slug,"Jan 24, 1996",3.6,124609.0,14.44,1996,retro,Great
677,Just Cause 3,"Nov 30, 2015",3.1,72361.0,24.01,2015,new,Great
678,Suikoden II,"Dec 17, 1998",4.4,187489.0,1.21,1998,retro,Amazing
679,LittleBigPlanet,"Oct 27, 2008",3.6,164025.0,36.0,2008,new,Great
680,EarthBound Beginnings,"Jun 14, 2015",3.2,156025.0,3.24,2015,new,Great
681,Wario Land 3,"Mar 21, 2000",3.8,80656.0,1.44,2000,retro,Great
682,Faith: The Unholy Trinity,"Oct 21, 2022",4.0,7225.0,64009.0,2022,new,Great
683,Tales of Symphonia,"Aug 29, 2003",3.9,262144.0,7.84,2003,new,Great
685,The Dark Pictures Anthology: Man of Medan,"Aug 29, 2019",2.5,126025.0,5.29,2019,new,Good
686,Saya no Uta,"Dec 26, 2003",3.3,62001.0,2.89,2003,new,Great
687,River City Girls,"Sep 04, 2019",3.6,77841.0,3.61,2019,new,Great
688,Sonic Origins,"Jun 22, 2022",3.4,14641.0,311364.0,2022,new,Great
689,Kuru Kuru Kururin,"Mar 21, 2001",3.4,19044.0,192721.0,2001,new,Great
690,Pikmin 2,"Apr 29, 2004",4.1,280900.0,7.29,2004,new,Amazing
691,Wonderful Everyday: Down the Rabbit-Hole,"Mar 26, 2010",4.1,72361.0,964324.0,2010,new,Amazing
692,Paper Mario: The Origami King,"Jul 17, 2020",3.5,275625.0,5.76,2020,new,Great
693,Conker's Bad Fur Day,"Mar 05, 2001",3.6,181476.0,7.29,2001,new,Great
694,Fire Emblem: Radiant Dawn,"Feb 22, 2007",4.0,210681.0,3.24,2007,new,Great
695,Need for Speed: Heat,"Nov 08, 2019",3.1,32400.0,2.56,2019,new,Great
696,Skate 3,"May 11, 2010",4.0,101124.0,16.81,2010,new,Great
697,Braid,"Aug 06, 2008",3.4,144400.0,12.25,2008,new,Great
698,Metro 2033,"Mar 16, 2010",3.5,107584.0,13.69,2010,new,Great
699,Another Pokémon Game,"Feb 15, 2023",3.0,361.0,3481.0,2023,new,Good
700,Super Mario Party,"Oct 05, 2018",2.8,112896.0,28.09,2018,new,Good
701,Kentucky Route Zero,"Jan 07, 2013",4.1,224676.0,1.44,2013,new,Amazing
702,The Legend of Zelda: Twilight Princess HD,"Mar 04, 2016",4.2,199809.0,6.25,2016,new,Amazing
703,We Love Katamari,"Jul 06, 2005",4.3,184041.0,1.96,2005,new,Amazing
704,Serial Experiments Lain,"Nov 26, 1998",4.0,29929.0,157609.0,1998,retro,Great
705,Kirby's Dream Land 2,"Mar 21, 1995",3.2,171396.0,5.29,1995,retro,Great
706,Harvestella,"Nov 04, 2022",3.4,10609.0,25600.0,2022,new,Great
707,Dishonored: Death of the Outsider,"Sep 14, 2017",3.6,107584.0,3.24,2017,new,Great
708,Life is Strange 2,"Sep 26, 2018",3.3,177241.0,6.76,2018,new,Great
709,Banjo-Tooie,"Nov 20, 2000",3.8,196249.0,9.0,2000,retro,Great
710,The Legend of Zelda: Oracle of Ages,"Feb 27, 2001",3.7,262144.0,7.84,2001,new,Great
711,Lobotomy Corporation,"Apr 09, 2018",4.1,17956.0,385641.0,2018,new,Amazing
712,Saints Row 2,"Oct 14, 2008",3.7,169744.0,12.96,2008,new,Great
713,Final Fantasy VII Rebirth,"Dec 31, 2023",,36864.0,400.0,2023,new,
714,Castlevania: Bloodlines,"Mar 17, 1994",3.7,199809.0,3.24,1994,retro,Great
715,Tiny Tina's Wonderlands,"Mar 25, 2022",3.4,50176.0,544644.0,2022,new,Great
716,Utawarerumono: Mask of Truth,"Sep 21, 2016",4.4,33124.0,195364.0,2016,new,Amazing
717,Hitman World of Assassination,"Jan 26, 2023",4.6,1444.0,27889.0,2023,new,Amazing
718,Just Cause 2,"Mar 23, 2010",3.2,91204.0,26.01,2010,new,Great
719,Lies of P,"Aug 01, 2023",,30625.0,25.0,2023,new,
720,Final Fantasy V,"Dec 06, 1992",3.8,283024.0,5.29,1992,retro,Great
721,Jet Set Radio Future,"Feb 22, 2002",4.3,200704.0,1.96,2002,new,Amazing
722,Overcooked!,"Aug 03, 2016",3.5,141376.0,21.16,2016,new,Great
723,Shin Megami Tensei IV: Apocalypse,"Feb 10, 2016",3.6,195364.0,3.24,2016,new,Great
724,Muse Dash,"Jun 15, 2018",3.5,34225.0,7.29,2018,new,Great
725,Fire Emblem: Genealogy of the Holy War,"May 14, 1996",4.0,219024.0,1.69,1996,retro,Great
726,Judas,"Mar 31, 2025",,8100.0,1.0,2025,new,
727,Half-Life: Opposing Force,"Nov 10, 1999",3.7,88804.0,9.0,1999,retro,Great
728,Bloodborne PSX,"Jan 31, 2022",3.5,11236.0,332929.0,2022,new,Great
729,Prototype,"Jun 09, 2009",3.0,50625.0,20.25,2009,new,Good
730,Pokémon Gold,"Nov 21, 1999",3.8,245025.0,30.25,1999,retro,Great
731,Valheim,"Feb 02, 2021",3.6,44100.0,6.25,2021,new,Great
732,Your Turn To Die: Death Game By Majority,"Aug 28, 2017",4.1,48841.0,1.69,2017,new,Amazing
733,Gal Guardians: Demon Purge,"Feb 23, 2023",3.4,1521.0,4761.0,2023,new,Great
734,Mortal Shell,"Aug 18, 2020",2.7,36864.0,717409.0,2020,new,Good
735,Kingdom Come: Deliverance,"Feb 13, 2018",3.6,56644.0,3.24,2018,new,Great
737,Sleeping Dogs: Definitive Edition,"Oct 10, 2014",3.8,62500.0,6.76,2014,new,Great
738,Resident Evil 4: Ultimate HD Edition,"Feb 28, 2014",4.4,21904.0,790321.0,2014,new,Amazing
739,LEGO Builder's Journey,"Dec 20, 2019",3.2,19044.0,234256.0,2019,new,Great
740,Guilty Gear Xrd: Rev 2,"Mar 30, 2017",4.1,143641.0,9.0,2017,new,Amazing
741,Super Kiwi 64,"Dec 02, 2022",3.4,6241.0,57121.0,2022,new,Great
742,Infamous 2,"Jun 07, 2011",3.7,167281.0,19.36,2011,new,Great
743,Fallout 3: Game of the Year Edition,"Oct 13, 2009",3.6,35344.0,6.76,2009,new,Great
744,Melatonin,"Dec 15, 2022",3.7,10816.0,34225.0,2022,new,Great
745,Gungrave G.O.R.E,"Nov 22, 2022",2.1,7225.0,34596.0,2022,new,Good
746,Like a Dragon Gaiden: The Man Who Erased His Name,"Dec 31, 2023",,13924.0,4.0,2023,new,
747,Garten of Banban,"Jan 06, 2023",1.2,676.0,16900.0,2023,new,Okay
748,Hitman: Blood Money,"May 26, 2006",4.0,171396.0,10.24,2006,new,Great
749,Professor Layton and the Unwound Future,"Nov 27, 2008",4.3,142884.0,5.76,2008,new,Amazing
750,The Dark Pictures Anthology: The Devil in Me,"Nov 18, 2022",2.9,15129.0,110224.0,2022,new,Good
751,Donkey Kong Country: Tropical Freeze,"May 04, 2018",4.2,139129.0,4.41,2018,new,Amazing
771,World of Warcraft,"Nov 23, 2004",3.5,136161.0,20.25,2004,new,Great
772,The Legend of Heroes: Trails of Cold Steel II,"Sep 25, 2014",3.7,160801.0,2.89,2014,new,Great
773,Gang Beasts,"Dec 12, 2017",3.1,42849.0,10.24,2017,new,Great
774,Armored Core 3,"Apr 01, 2002",3.7,13225.0,88209.0,2002,new,Great
775,Star Wars: The Force Unleashed II,"Oct 26, 2010",2.8,58564.0,16.81,2010,new,Good
842,Fortnite,"Jul 25, 2017",2.8,683929.0,289.0,2017,new,Good
843,Fall Guys,"Aug 04, 2020",3.0,763876.0,256.0,2020,new,Good
844,It Takes Two,"Mar 25, 2021",4.2,1.69,65.61,2021,new,Amazing
845,BioShock,"Aug 21, 2007",4.0,3.24,289.0,2007,new,Great
846,Metal Gear Solid,"Sep 03, 1998",4.2,3.61,144.0,1998,retro,Amazing
847,Yakuza: Like a Dragon,"Jan 16, 2020",4.3,2.56,36.0,2020,new,Amazing
848,Animal Crossing: New Horizons,"Mar 19, 2020",3.6,2.56,400.0,2020,new,Great
849,BioShock Infinite,"Feb 26, 2013",3.5,2.25,324.0,2013,new,Great
912,Mirror's Edge,"Nov 11, 2008",3.5,620944.0,144.0,2008,new,Great
913,Bayonetta 2,"Sep 20, 2014",4.1,1.21,36.0,2014,new,Amazing
914,Sonic Generations,"Nov 01, 2011",3.8,1.21,98.01,2011,new,Great
915,Shin Megami Tensei: Nocturne,"Feb 20, 2003",4.2,1.21,16.81,2003,new,Amazing
916,Death's Door,"Jul 20, 2021",3.8,544644.0,10.89,2021,new,Great
917,Devil May Cry 3: Dante's Awakening - Special Edition,"Jan 24, 2006",4.4,725904.0,42.25,2006,new,Amazing
918,Assassin's Creed IV Black Flag,"Oct 29, 2013",3.7,1.44,169.0,2013,new,Great
920,Crisis Core: Final Fantasy VII - Reunion,"Dec 13, 2022",3.8,167281.0,1.69,2022,new,Great
921,Metroid Prime,"Nov 17, 2002",4.3,1.96,46.24,2002,new,Amazing
923,Metal Gear Solid 4: Guns of the Patriots,"Jun 12, 2008",3.9,1.44,59.29,2008,new,Great
924,Atomic Heart,"Feb 21, 2023",3.0,131769.0,966289.0,2023,new,Good
926,Resident Evil 5,"Mar 05, 2009",3.1,1.0,100.0,2009,new,Great
927,The World Ends with You,"Jul 26, 2007",4.2,1.0,27.04,2007,new,Amazing
928,A Hat in Time,"Oct 05, 2017",4.0,806404.0,51.84,2017,new,Great
929,Scorn,"Oct 14, 2022",3.0,121104.0,1.96,2022,new,Good
930,Fire Emblem: Awakening,"Apr 19, 2012",3.8,1.44,90.25,2012,new,Great
931,Cuphead: The Delicious Last Course,"Jun 30, 2022",4.3,158404.0,4.84,2022,new,Amazing
932,Ori and the Will of the Wisps,"Mar 10, 2020",4.3,1.44,36.0,2020,new,Amazing
933,Mass Effect,"Nov 20, 2007",3.8,1.0,100.0,2007,new,Great
934,Return of the Obra Dinn,"Oct 18, 2018",4.3,1.0,22.09,2018,new,Amazing
935,Kingdom Hearts III,"Jan 25, 2019",3.5,1.21,65.61,2019,new,Great
936,Fallout 3,"Oct 28, 2008",3.4,799236.0,144.0,2008,new,Great
937,Uncharted: Drake's Fortune,"Nov 16, 2007",3.1,777924.0,144.0,2007,new,Great
938,"Zero Escape: Nine Hours, Nine Persons, Nine Doors","Dec 10, 2009",4.2,900601.0,37.21,2009,new,Amazing
939,Lost Judgment,"Sep 24, 2021",4.3,624100.0,2.89,2021,new,Amazing
940,Super Mario 3D Land,"Nov 03, 2011",3.5,1.0,144.0,2011,new,Great
941,Gris,"Dec 13, 2018",3.6,829921.0,43.56,2018,new,Great
942,Silent Hill 3,"May 23, 2003",4.2,1.21,24.01,2003,new,Amazing
943,Call of Duty: Modern Warfare 2,"Nov 10, 2009",3.8,1.0,196.0,2009,new,Great
944,The Walking Dead: Season One,"Apr 24, 2012",4.0,1.44,144.0,2012,new,Great
945,Mario Kart DS,"Nov 14, 2005",3.8,734449.0,225.0,2005,new,Great
946,Apex Legends,"Feb 04, 2019",3.1,389376.0,144.0,2019,new,Great
947,Devil May Cry 2,"Jan 25, 2003",1.6,384400.0,40.96,2003,new,Okay
948,The Legend of Zelda: Ocarina of Time 3D,"Jun 16, 2011",4.2,1.0,121.0,2011,new,Amazing
949,Twelve Minutes,"Aug 19, 2021",2.4,276676.0,16.0,2021,new,Good
952,Rayman Legends,"Aug 30, 2013",4.0,848241.0,96.04,2013,new,Great
953,Uncharted 2: Among Thieves,"Oct 13, 2009",3.9,1.96,144.0,2009,new,Great
954,Monster Hunter: World,"Jan 26, 2018",3.8,732736.0,100.0,2018,new,Great
955,Milk inside a bag of milk inside a bag of milk,"Aug 26, 2020",3.3,253009.0,10.24,2020,new,Great
956,The Legend of Zelda: A Link Between Worlds,"Nov 22, 2013",4.1,1.69,100.0,2013,new,Amazing
957,Final Fantasy XIV: Endwalker,"Dec 07, 2021",4.6,181476.0,6.25,2021,new,Amazing
958,The Legend of Zelda: The Minish Cap,"Nov 04, 2004",3.9,1.21,75.69,2004,new,Great
959,Pokémon Go,"Jul 06, 2016",2.7,160000.0,196.0,2016,new,Good
960,Night in the Woods,"Feb 21, 2017",4.0,1.21,36.0,2017,new,Great
961,Shin Megami Tensei IV,"May 23, 2013",4.1,900601.0,18.49,2013,new,Amazing
962,Kingdom Hearts II,"Dec 22, 2005",4.3,1.44,92.16,2005,new,Amazing
963,Castlevania: Aria of Sorrow,"May 06, 2003",4.2,1.0,26.01,2003,new,Amazing
964,Halo: Reach,"Sep 14, 2010",4.0,1.44,121.0,2010,new,Great
965,Grand Theft Auto: Vice City,"Oct 27, 2002",3.8,1.0,144.0,2002,new,Great
966,A Short Hike,"Jul 30, 2019",4.1,1.21,29.16,2019,new,Amazing
972,The Legend of Zelda: Tears of the Kingdom,"May 12, 2023",,337561.0,5184.0,2023,new,
973,Assassin's Creed III,"Oct 30, 2012",3.0,499849.0,144.0,2012,new,Good
974,Castlevania,"Sep 26, 1986",3.4,714025.0,32.49,1986,retro,Great
975,Milk outside a bag of milk outside a bag of milk,"Dec 16, 2021",3.7,118336.0,2.25,2021,new,Great
976,Lisa,"Dec 15, 2014",4.3,579121.0,8.41,2014,new,Amazing
977,Crash Bandicoot,"Sep 09, 1996",3.5,435600.0,75.69,1996,retro,Great
978,The Legend of Zelda: The Wind Waker HD,"Sep 26, 2013",4.3,786769.0,44.89,2013,new,Amazing
979,The Outer Worlds,"Oct 25, 2019",3.2,338724.0,43.56,2019,new,Great
980,The Legend of Zelda: Majora's Mask 3D,"Feb 12, 2015",4.1,635209.0,44.89,2015,new,Amazing
981,The Callisto Protocol,"Dec 02, 2022",2.9,70756.0,543169.0,2022,new,Good
982,The Wolf Among Us,"Oct 11, 2013",3.9,700569.0,65.61,2013,new,Great
983,Dead Space 2,"Jan 25, 2011",4.0,600625.0,36.0,2011,new,Great
984,Super Mario Bros. 2,"Oct 09, 1988",3.1,746496.0,70.56,1988,retro,Great
985,Until Dawn,"Aug 25, 2015",3.4,659344.0,64.0,2015,new,Great
986,Kid Icarus: Uprising,"Mar 22, 2012",4.1,739600.0,29.16,2012,new,Amazing
987,Chained Echoes,"Dec 08, 2022",4.2,36481.0,198025.0,2022,new,Amazing
988,BioShock Remastered,"Sep 14, 2016",4.0,259081.0,23.04,2016,new,Great
989,Sonic Unleashed,"Nov 20, 2008",3.3,529984.0,42.25,2008,new,Great
990,Yakuza 5 Remastered,"Jun 20, 2019",4.1,442225.0,8.41,2019,new,Amazing
991,Metal Gear Solid 3: Subsistence,"Dec 22, 2005",4.6,410881.0,13.69,2005,new,Amazing
992,Super Mario World 2: Yoshi's Island,"Aug 05, 1995",4.1,1.21,50.41,1995,retro,Amazing
993,Devil May Cry 4,"Jan 31, 2008",3.6,261121.0,42.25,2008,new,Great
994,Donut County,"Aug 28, 2018",3.4,483025.0,31.36,2018,new,Great
995,Assassin's Creed Origins,"Oct 26, 2017",3.4,620944.0,51.84,2017,new,Great
996,Ghostwire: Tokyo,"Mar 24, 2022",3.1,149769.0,1.44,2022,new,Great
997,Yakuza 4 Remastered,"Jan 17, 2019",3.7,429025.0,12.25,2019,new,Great
998,Call of Duty: Modern Warfare II,"Oct 28, 2022",3.3,120409.0,2.56,2022,new,Great
999,Crash Bandicoot 4: It's About Time,"Oct 02, 2020",3.8,488601.0,10.24,2020,new,Great
1000,Grand Theft Auto III,"Oct 22, 2001",3.3,505521.0,60.84,2001,new,Great
1001,Dead by Daylight,"Jun 14, 2016",3.0,203401.0,50.41,2016,new,Good
1002,Abzu,"Aug 02, 2016",3.4,509796.0,29.16,2016,new,Great
1003,Batman: Arkham Origins,"Oct 16, 2013",3.4,412164.0,60.84,2013,new,Great
1004,Splatoon 2,"Jul 21, 2017",3.8,541696.0,79.21,2017,new,Great
1005,Pokémon HeartGold,"Sep 12, 2009",4.2,795664.0,90.25,2009,new,Amazing
1006,Kena: Bridge of Spirits,"Sep 20, 2021",3.6,241081.0,4.0,2021,new,Great
1007,Final Fantasy VIII,"Feb 11, 1999",3.6,964324.0,26.01,1999,retro,Great
1008,The Elder Scrolls IV: Oblivion,"Mar 20, 2006",3.7,525625.0,65.61,2006,new,Great
1009,The Silver Case,"Oct 07, 2016",4.2,410881.0,1.96,2016,new,Amazing
1010,Marvel's Spider-Man Remastered,"Nov 12, 2020",4.2,112225.0,7.84,2020,new,Amazing
1011,Alan Wake,"May 14, 2010",3.6,492804.0,38.44,2010,new,Great
1012,A Way Out,"Mar 23, 2018",3.6,384400.0,40.96,2018,new,Great
1013,LEGO Batman: The Video Game,"Apr 18, 2008",3.6,413449.0,77.44,2008,new,Great
1014,Borderlands 3,"Sep 13, 2019",3.2,280900.0,32.49,2019,new,Great
1015,Dragon Ball FighterZ,"Jan 26, 2018",3.7,363609.0,60.84,2018,new,Great
1016,Ico,"Sep 24, 2001",4.0,450241.0,12.25,2001,new,Great
1017,Shin Megami Tensei III: Nocturne - HD Remaster,"Oct 28, 2020",4.0,208849.0,3.24,2020,new,Great
1018,The Witness,"Jan 26, 2016",3.6,423801.0,28.09,2016,new,Great
1019,Animal Crossing: New Leaf,"Nov 08, 2012",4.0,660969.0,98.01,2012,new,Great
1020,Wo Long: Fallen Dynasty,"Mar 03, 2023",3.5,80656.0,263169.0,2023,new,Great
1021,Final Fantasy VII Remake Intergrade,"Jun 10, 2021",4.2,198025.0,5.76,2021,new,Amazing
1022,Sonic Adventure 2,"Jun 23, 2001",3.6,708964.0,26.01,2001,new,Great
1023,Destiny 2,"Sep 06, 2017",2.9,257049.0,75.69,2017,new,Good
1024,Kirby's Dream Land,"Apr 27, 1992",3.2,477481.0,28.09,1992,retro,Great
1043,Mario Kart 8,"May 29, 2014",3.9,413449.0,86.49,2014,new,Great
1044,Xenoblade Chronicles,"Jun 10, 2010",4.2,685584.0,15.21,2010,new,Amazing
1045,The Forgotten City,"Jul 28, 2021",3.9,221841.0,2.89,2021,new,Great
1046,Untitled Goose Game,"Sep 20, 2019",3.6,412164.0,42.25,2019,new,Great
1047,Sonic Adventure 2: Battle,"Dec 20, 2001",3.7,550564.0,46.24,2001,new,Great
1048,Saints Row: The Third,"Nov 15, 2011",3.4,232324.0,88.36,2011,new,Great
1049,Call of Duty: Black Ops III,"Nov 06, 2015",3.1,302500.0,67.24,2015,new,Great
1050,Pokémon Red,"Feb 27, 1996",3.4,538756.0,77.44,1996,retro,Great
1051,Tinykin,"Aug 30, 2022",4.0,173056.0,567009.0,2022,new,Great
1052,Dragon's Dogma: Dark Arisen,"Apr 23, 2013",3.8,209764.0,10.89,2013,new,Great
1053,Brawlhalla,"Apr 30, 2014",2.6,87025.0,47.61,2014,new,Good
1054,Pokémon Unite,"Jul 20, 2021",2.7,81225.0,20.25,2021,new,Good
1055,Black Mesa,"Mar 06, 2020",4.1,210681.0,13.69,2020,new,Amazing
1056,The Messenger,"Aug 30, 2018",3.8,375769.0,13.69,2018,new,Great
1057,Jet Set Radio,"Sep 18, 2012",3.7,254016.0,12.25,2012,new,Great
1058,Pathologic 2,"May 23, 2019",4.3,263169.0,1.69,2019,new,Amazing
1059,Tactics Ogre: Reborn,"Nov 11, 2022",4.1,42436.0,77841.0,2022,new,Amazing
1060,Hyper Light Drifter,"Mar 31, 2016",3.8,358801.0,16.0,2016,new,Great
1061,Left 4 Dead,"Nov 17, 2008",3.6,238144.0,73.96,2008,new,Great
1062,The 25th Ward: The Silver Case,"Mar 13, 2018",4.4,232324.0,564001.0,2018,new,Amazing
1063,Darkest Dungeon,"Jan 19, 2016",3.6,226576.0,27.04,2016,new,Great
1064,Roblox,"Sep 01, 2006",2.8,34969.0,26.01,2006,new,Good
1065,The Last Guardian,"Dec 06, 2016",3.7,432964.0,10.24,2016,new,Great
1066,Drakengard 3,"Dec 19, 2013",3.8,253009.0,3.61,2013,new,Great
1067,Half-Life 2: Episode One,"Jun 01, 2006",3.7,219961.0,49.0,2006,new,Great
1068,Assassin's Creed Revelations,"Nov 14, 2011",3.3,394384.0,75.69,2011,new,Great
1069,Half-Life 2: Episode Two,"Oct 09, 2007",4.1,267289.0,47.61,2007,new,Amazing
1070,Mega Man,"Dec 17, 1987",2.8,408321.0,29.16,1987,retro,Good
1071,PowerWash Simulator,"May 19, 2021",3.7,92416.0,2.89,2021,new,Great
1072,Cave Story,"Dec 20, 2004",4.2,294849.0,13.69,2004,new,Amazing
1073,Final Fantasy XIV: Shadowbringers,"Jul 02, 2019",4.6,160801.0,9.0,2019,new,Amazing
1074,Days Gone,"Apr 26, 2019",3.2,372100.0,15.21,2019,new,Great
1075,Tom Clancy's Rainbow Six Siege,"Dec 01, 2015",3.2,179776.0,62.41,2015,new,Great
1076,Trek to Yomi,"May 05, 2022",2.7,68644.0,1.0,2022,new,Good
1077,Sonic CD,"Sep 23, 1993",3.4,395641.0,24.01,1993,retro,Great
1078,Mario Kart: Double Dash!!,"Nov 07, 2003",3.9,652864.0,70.56,2003,new,Great
1079,Rayman Origins,"Nov 15, 2011",3.8,299209.0,38.44,2011,new,Great
1080,Klonoa Phantasy Reverie Series,"Jul 08, 2022",3.8,38809.0,418609.0,2022,new,Great
1081,Hitman 2,"Nov 13, 2018",4.0,366025.0,25.0,2018,new,Great
1082,Max Payne 3,"May 15, 2012",3.7,351649.0,31.36,2012,new,Great
1083,Catherine: Full Body,"Feb 14, 2019",3.8,203401.0,6.76,2019,new,Great
1084,Kirby: Planet Robobot,"Apr 28, 2016",4.2,447561.0,12.96,2016,new,Amazing
1085,Battlefield 1,"Oct 21, 2016",3.4,263169.0,51.84,2016,new,Great
1086,Kirby’s Return to Dream Land Deluxe,"Feb 24, 2023",4.2,52900.0,166464.0,2023,new,Amazing
1087,Persona 2: Eternal Punishment,"Jun 29, 2000",4.1,352836.0,2.56,2000,retro,Amazing
1088,Star Wars Battlefront II,"Nov 17, 2017",3.1,285156.0,60.84,2017,new,Great
1089,Super Paper Mario,"Apr 09, 2007",3.8,473344.0,38.44,2007,new,Great
1090,The Great Ace Attorney 2: Resolve,"Aug 03, 2017",4.6,148996.0,1.21,2017,new,Amazing
1091,Bugsnax,"Nov 12, 2020",3.6,390625.0,7.29,2020,new,Great
1092,Star Wars: Battlefront II,"Oct 31, 2005",4.0,422500.0,59.29,2005,new,Great
1093,Pokémon Shield,"Nov 15, 2019",2.9,300304.0,39.69,2019,new,Good
1094,Super Castlevania IV,"Oct 31, 1991",3.7,393129.0,13.69,1991,retro,Great
1095,Brothers: A Tale of Two Sons,"Aug 07, 2013",3.5,261121.0,16.0,2013,new,Great
1096,Call of Duty: Modern Warfare,"Oct 25, 2019",3.4,275625.0,26.01,2019,new,Great
1097,GoldenEye 007,"Aug 23, 1997",3.6,372100.0,20.25,1997,retro,Great
1098,"WarioWare, Inc.: Mega Microgames!","Mar 21, 2003",3.9,273529.0,12.25,2003,new,Great
1099,Evil West,"Nov 22, 2022",3.3,21904.0,112225.0,2022,new,Great
1100,Gravity Rush 2,"Jan 18, 2017",3.9,266256.0,4.41,2017,new,Great
1101,Metroid Prime 2: Echoes,"Nov 15, 2004",4.0,367236.0,9.0,2004,new,Great
1102,The Forest,"Apr 30, 2018",3.2,85849.0,20.25,2018,new,Great
1103,CrossCode,"Sep 20, 2018",4.0,123201.0,2.25,2018,new,Great
1104,Sekiro: Shadows Die Twice - GOTY Edition,"Oct 28, 2020",4.6,29929.0,1.96,2020,new,Amazing
1105,Saints Row IV,"Aug 19, 2013",3.1,148996.0,51.84,2013,new,Great
1106,Fallout 2,"Oct 29, 1998",4.1,283024.0,5.76,1998,retro,Amazing
1107,Chrono Cross,"Nov 18, 1999",4.0,306916.0,2.89,1999,retro,Great
1108,Fire Emblem: Path of Radiance,"Apr 20, 2005",4.2,494209.0,8.41,2005,new,Amazing
1109,Kingdom Hearts Final Mix,"Dec 26, 2002",3.8,183184.0,13.69,2002,new,Great
1110,Professor Layton and the Curious Village,"Feb 15, 2007",3.7,192721.0,17.64,2007,new,Great
1111,Ys VIII: Lacrimosa of Dana,"Jul 21, 2016",4.2,384400.0,3.61,2016,new,Amazing
1112,Hotel Dusk: Room 215,"Jan 22, 2007",4.0,192721.0,2.56,2007,new,Great
1113,Postal 2,"Apr 13, 2003",3.4,114244.0,11.56,2003,new,Great
1114,Fez,"Apr 13, 2012",3.6,243049.0,19.36,2012,new,Great
1115,Marvel's Midnight Suns,"Dec 02, 2022",3.9,29584.0,78400.0,2022,new,Great
1116,Streets of Rage 4,"Apr 30, 2020",3.9,384400.0,8.41,2020,new,Great
1117,Shin Megami Tensei: Persona,"Oct 22, 2009",2.9,173056.0,6.25,2009,new,Good
1118,Kirby's Return to Dream Land,"Oct 24, 2011",4.0,259081.0,16.81,2011,new,Great
1119,BioShock 2 Remastered,"Sep 14, 2016",3.7,87025.0,5.76,2016,new,Great
1120,God of War: Chains of Olympus,"Mar 04, 2008",3.2,156816.0,16.0,2008,new,Great
1121,Splatoon,"May 28, 2015",3.7,259081.0,37.21,2015,new,Great
1122,Nickelodeon All-Star Brawl,"Oct 05, 2021",2.5,63001.0,3.61,2021,new,Good
1123,The Great Ace Attorney: Adventures,"Jul 09, 2015",4.1,148225.0,2.56,2015,new,Amazing
1124,Sonic Rush,"Nov 15, 2005",3.6,287296.0,21.16,2005,new,Great
1126,Street Fighter V,"Feb 15, 2016",3.0,142129.0,25.0,2016,new,Good
1127,Somerville,"Nov 15, 2022",2.8,28561.0,195364.0,2022,new,Good
1128,Bully: Scholarship Edition,"Feb 04, 2008",4.0,108900.0,15.21,2008,new,Great
1129,Borderlands: The Pre-Sequel,"Oct 14, 2014",2.9,140625.0,28.09,2014,new,Good
1130,Star Wars Jedi: Survivor,"Apr 28, 2023",,62500.0,169.0,2023,new,
1131,Alice: Madness Returns,"Jun 14, 2011",3.5,128164.0,7.84,2011,new,Great
1132,Super Mario 3D All-Stars,"Sep 18, 2020",3.5,178084.0,22.09,2020,new,Great
1133,S.T.A.L.K.E.R.: Shadow of Chernobyl,"Mar 20, 2007",3.9,181476.0,6.25,2007,new,Great
1134,JoJo’s Bizarre Adventure: All-Star Battle R,"Sep 01, 2022",3.4,14884.0,633616.0,2022,new,Great
1135,Geometry Dash,"Aug 12, 2013",3.1,38809.0,26.01,2013,new,Great
1136,Mario + Rabbids Sparks of Hope,"Oct 20, 2022",3.9,64009.0,126736.0,2022,new,Great
1137,Back 4 Blood,"Oct 12, 2021",2.5,80656.0,8.41,2021,new,Good
1138,Half-Life: Alyx,"Mar 23, 2020",4.6,265225.0,3.61,2020,new,Amazing
1139,Hyper Demon,"Sep 19, 2022",4.1,9801.0,60025.0,2022,new,Amazing
1140,Mortal Kombat,"Apr 19, 2011",3.6,219024.0,43.56,2011,new,Great
1142,Call of Duty: Ghosts,"Nov 05, 2013",2.4,168921.0,42.25,2013,new,Good
1143,Ridge Racer Type 4,"Dec 03, 1998",4.2,216225.0,1.0,1998,retro,Amazing
1144,Lil Gator Game,"Dec 14, 2022",4.1,18769.0,61009.0,2022,new,Amazing
1145,Oxenfree,"Jan 14, 2016",3.6,350464.0,15.21,2016,new,Great
1146,Overcooked! 2,"Aug 07, 2018",3.6,171396.0,24.01,2018,new,Great
1147,Before Your Eyes,"Apr 08, 2021",4.2,177241.0,1.44,2021,new,Amazing
1148,Sly Cooper and the Thievius Raccoonus,"Sep 23, 2002",3.7,275625.0,13.69,2002,new,Great
1149,Nobody Saves the World,"Jan 18, 2022",3.5,65536.0,900601.0,2022,new,Great
1150,Crazy Taxi,"Feb 12, 1999",3.6,180625.0,23.04,1999,retro,Great
1151,Chrono Cross: The Radical Dreamers Edition,"Apr 07, 2022",3.6,16900.0,128164.0,2022,new,Great
1152,Spore,"Sep 04, 2008",3.3,56644.0,36.0,2008,new,Great
1153,Dwarf Fortress,"Dec 06, 2022",4.6,2304.0,50625.0,2022,new,Amazing
1154,Klonoa 2: Lunatea's Veil,"Mar 22, 2001",4.2,143641.0,1.21,2001,new,Amazing
1155,Pokémon Blue,"Oct 15, 1996",3.6,301401.0,34.81,1996,retro,Great
1156,Planescape: Torment,"Dec 12, 1999",4.3,173889.0,1.21,1999,retro,Amazing
1157,Far Cry 3: Blood Dragon,"May 01, 2013",3.4,108241.0,19.36,2013,new,Great
1158,BattleBlock Theater,"Apr 03, 2013",3.5,73984.0,30.25,2013,new,Great
1159,The Beginner's Guide,"Oct 01, 2015",4.0,196249.0,7.29,2015,new,Great
1160,We Love Katamari Reroll + Royal Reverie,"Jun 02, 2023",,2601.0,9.0,2023,new,
1161,Naruto Shippuden: Ultimate Ninja Storm 4,"Feb 04, 2016",3.5,69696.0,23.04,2016,new,Great
1162,Mega Man 3,"Sep 28, 1990",3.4,358801.0,14.44,1990,retro,Great
1163,Ni no Kuni: Wrath of the White Witch,"Nov 17, 2011",3.7,191844.0,5.76,2011,new,Great
1164,Fortnite: Chapter 4,"Dec 04, 2022",3.5,4900.0,133225.0,2022,new,Great
1165,Danganronpa Another Episode: Ultra Despair Girls,"Sep 01, 2015",2.7,76176.0,11.56,2015,new,Good
1166,The Artful Escape,"Sep 09, 2021",3.3,119716.0,1.21,2021,new,Great
1167,Dishonored: Definitive Edition,"Oct 08, 2013",4.1,52441.0,2.56,2013,new,Amazing
1168,Pac-Man World Re-Pac,"Aug 25, 2022",3.5,25921.0,135424.0,2022,new,Great
1169,Ib,"Apr 11, 2022",4.0,12996.0,619369.0,2022,new,Great
1170,Castlevania: Circle of the Moon,"Mar 21, 2001",3.0,131044.0,4.41,2001,new,Good
1171,Higurashi: When They Cry,"Aug 10, 2002",4.2,96721.0,1.21,2002,new,Amazing
1172,Life is Strange: Before the Storm,"Aug 31, 2017",3.3,219024.0,16.0,2017,new,Great
1173,Darkwood,"Aug 17, 2017",3.9,68644.0,698896.0,2017,new,Great
1174,Beyond Good & Evil,"Nov 11, 2003",3.9,190096.0,5.29,2003,new,Great
1175,Metroid II: Return of Samus,"Aug 26, 1991",3.1,198025.0,4.41,1991,retro,Great
1176,Shenmue,"Dec 29, 1999",3.8,246016.0,2.56,1999,retro,Great
1177,Project Zomboid,"Nov 08, 2013",3.6,17689.0,2.89,2013,new,Great
1178,Crash Team Racing,"Sep 30, 1999",4.0,207025.0,23.04,1999,retro,Great
1179,Carrion,"Jul 23, 2020",3.3,186624.0,7.84,2020,new,Great
1180,Gears of War 2,"Nov 07, 2008",3.7,254016.0,21.16,2008,new,Great
1181,Phoenix Wright: Ace Attorney - Dual Destinies,"Jul 25, 2013",3.4,184900.0,10.89,2013,new,Great
1182,The Legend of Zelda: Oracle of Seasons,"Feb 27, 2001",3.7,295936.0,9.61,2001,new,Great
1183,Wild Hearts,"Feb 16, 2023",3.2,10609.0,5329.0,2023,new,Great
1184,God of War: Ascension,"Mar 12, 2013",2.9,101124.0,7.29,2013,new,Good
1185,Xenosaga Episode III: Also sprach Zarathustra,"Jul 06, 2006",4.3,159201.0,580644.0,2006,new,Amazing
1186,Kirby's Dream Land 3,"Nov 27, 1997",3.4,219961.0,6.76,1997,retro,Great
1187,Castlevania: Harmony of Dissonance,"Jun 06, 2002",3.2,159201.0,4.0,2002,new,Great
1188,Shantae and the Pirate's Curse,"Oct 22, 2014",3.8,153664.0,4.84,2014,new,Great
1189,Happy Wheels,"Jun 04, 2010",2.8,15376.0,26.01,2010,new,Good
1190,Guilty Gear XX Accent Core Plus R,"Sep 20, 2012",4.1,178929.0,6.25,2012,new,Amazing
1191,Fire Emblem Fates: Birthright,"Jun 25, 2015",2.7,164025.0,18.49,2015,new,Good
1192,Final Fantasy IV,"Jul 19, 1991",3.7,280900.0,7.29,1991,retro,Great
1193,Devil May Cry 5: Special Edition,"Nov 10, 2020",4.5,70225.0,1.0,2020,new,Amazing
1194,Castlevania III: Dracula's Curse,"Sep 01, 1990",3.6,251001.0,5.76,1990,retro,Great
1195,Gloomwood,"Sep 05, 2022",4.0,19881.0,70225.0,2022,new,Great
1196,Call of Duty: Advanced Warfare,"Nov 03, 2014",2.5,172225.0,27.04,2014,new,Good
1197,The Legend of Heroes: Trails of Cold Steel,"Sep 26, 2013",3.7,249001.0,4.41,2013,new,Great
1198,Metal Gear Solid 3: Snake Eater HD Edition,"Nov 08, 2011",4.6,85849.0,6.25,2011,new,Amazing
1199,Mario Kart: Super Circuit,"Jul 21, 2001",2.8,151321.0,13.69,2001,new,Good
1200,Pokémon Shining Pearl,"Nov 18, 2021",2.9,78961.0,3.61,2021,new,Good
1201,PUBG: Battlegrounds,"Dec 20, 2017",2.4,89401.0,27.04,2017,new,Good
1202,Earthblade,"Dec 31, 2024",,6889.0,0.0,2024,new,
1204,Rule of Rose,"Jan 19, 2006",3.8,155236.0,528529.0,2006,new,Great
1205,Lollipop Chainsaw,"Jun 12, 2012",3.4,87025.0,2.56,2012,new,Great
1206,Pokémon LeafGreen,"Jan 29, 2004",3.8,170569.0,34.81,2004,new,Great
1207,Bowser's Fury,"Feb 12, 2021",3.9,247009.0,4.41,2021,new,Great
1208,ZeroRanger,"Sep 28, 2018",4.3,100489.0,314721.0,2018,new,Amazing
1209,Labyrinth of Galleria: The Moon Society,"Nov 26, 2020",4.3,2401.0,4489.0,2020,new,Amazing
1210,Street Fighter II,"Feb 01, 1991",3.5,187489.0,18.49,1991,retro,Great
1211,Resident Evil: Revelations,"Jan 26, 2012",3.2,219961.0,8.41,2012,new,Great
1212,Shin Megami Tensei,"Oct 30, 1992",3.3,187489.0,1.69,1992,retro,Great
1214,FIFA 23,"Sep 29, 2022",2.6,2209.0,273529.0,2022,new,Good
1215,Battlefield: Bad Company 2,"Mar 02, 2010",3.6,82944.0,17.64,2010,new,Great
1216,The Walking Dead: A New Frontier,"Dec 20, 2016",2.8,119025.0,8.41,2016,new,Good
1217,Ninja Gaiden Black,"Sep 20, 2005",4.3,86436.0,984064.0,2005,new,Amazing
1218,Sid Meier's Civilization V,"Sep 21, 2010",3.9,102400.0,29.16,2010,new,Great
1219,World of Horror,"Feb 20, 2020",3.7,66049.0,758641.0,2020,new,Great
1220,Fire Emblem: Shadow Dragon,"Aug 07, 2008",3.2,130321.0,3.61,2008,new,Great
1221,Tomodachi Life,"Apr 18, 2013",3.7,78961.0,11.56,2013,new,Great
1222,Downwell,"Oct 14, 2015",3.5,131769.0,13.69,2015,new,Great
1223,SpongeBob SquarePants: Battle For Bikini Bottom,"Oct 31, 2003",3.8,106276.0,11.56,2003,new,Great
1224,LEGO Harry Potter: Years 1-4,"Jun 25, 2010",3.2,121801.0,16.81,2010,new,Great
1225,Dragon Quest V: Hand of the Heavenly Bride,"Jul 17, 2008",4.2,137641.0,1.96,2008,new,Amazing
1226,Fear & Hunger,"Dec 11, 2018",3.8,2304.0,12100.0,2018,new,Great
1227,For Honor,"Feb 13, 2017",2.8,55696.0,16.81,2017,new,Good
1228,Sonic Lost World,"Oct 18, 2013",2.5,156025.0,6.25,2013,new,Good
1229,Bug Fables: The Everlasting Sapling,"Nov 21, 2019",4.1,127449.0,1.0,2019,new,Amazing
1230,Hyrule Warriors: Age of Calamity,"Nov 19, 2020",3.5,281961.0,7.29,2020,new,Great
1231,LEGO Batman 3: Beyond Gotham,"Nov 11, 2014",3.1,139129.0,8.41,2014,new,Great
1232,Moonscars,"Sep 27, 2022",2.9,9409.0,61504.0,2022,new,Good
1233,The Witcher 3: Wild Hunt - Hearts of Stone,"Oct 12, 2015",4.4,25281.0,9.61,2015,new,Amazing
1234,Remnant: From the Ashes,"Aug 20, 2019",3.2,92416.0,4.41,2019,new,Great
1235,Halo 5: Guardians,"Oct 27, 2015",2.5,250000.0,12.25,2015,new,Good
1236,Hearthstone,"Mar 11, 2014",2.9,44944.0,30.25,2014,new,Good
1237,Ultimate Spider-Man,"Sep 21, 2005",3.6,90000.0,13.69,2005,new,Great
1238,Chop Goblins,"Dec 12, 2022",3.5,3136.0,38025.0,2022,new,Great
1239,Secret of Mana,"Aug 06, 1993",3.3,170569.0,3.61,1993,retro,Great
1240,428: Shibuya Scramble,"Dec 04, 2008",4.2,62001.0,456976.0,2008,new,Amazing
1241,Potion Craft,"Sep 21, 2021",3.2,5929.0,221841.0,2021,new,Great
1242,Mega Man Legends,"Dec 18, 1997",3.7,130321.0,1.96,1997,retro,Great
1243,Xenoblade Chronicles: Future Connected,"May 29, 2020",3.5,53824.0,3.61,2020,new,Great
1244,Crab Game,"Oct 29, 2021",2.5,9216.0,5.29,2021,new,Good
1245,NEET Girl Date Night,"Oct 21, 2022",2.7,441.0,11236.0,2022,new,Good
1246,Dante's Inferno,"Feb 04, 2010",3.2,103041.0,6.76,2010,new,Great
1247,Haunting Ground,"Apr 21, 2005",3.8,78961.0,356409.0,2005,new,Great
1248,Assassin's Creed Rogue,"Nov 11, 2014",3.2,147456.0,11.56,2014,new,Great
1249,Garten of Banban 2,"Mar 03, 2023",1.5,256.0,3025.0,2023,new,Okay
1250,Pokémon Stadium,"Apr 30, 1999",3.3,115600.0,29.16,1999,retro,Great
1251,Outlast II,"Apr 25, 2017",2.8,77841.0,7.29,2017,new,Good
1272,Ni no Kuni II: Revenant Kingdom,"Mar 23, 2018",3.3,72361.0,2.89,2018,new,Great
1273,Metal Gear,"Jul 13, 1987",2.9,118336.0,3.61,1987,retro,Good
1274,Disney's Aladdin,"Nov 21, 1993",3.4,41209.0,4.84,1993,retro,Great
1275,Fable II,"Oct 21, 2008",3.6,96100.0,10.24,2008,new,Great
1276,Celeste: Farewell,"Sep 09, 2019",4.5,3364.0,419904.0,2019,new,Amazing
1277,Axiom Verge 2,"Aug 11, 2021",3.4,13456.0,97344.0,2021,new,Great
1278,Lightning Returns: Final Fantasy XIII,"Nov 21, 2013",3.1,131044.0,2.25,2013,new,Great
1279,Yakuza 2,"Dec 07, 2006",4.0,109561.0,1.0,2006,new,Great
1280,F-Zero X,"Jul 14, 1998",3.9,125316.0,2.89,1998,retro,Great
1281,Chibi-Robo!,"Jun 23, 2005",4.1,148996.0,1.0,2005,new,Amazing
1283,RimWorld,"Oct 17, 2018",4.2,22201.0,2.56,2018,new,Amazing
1284,Professor Layton and the Miracle Mask,"Feb 26, 2011",3.7,36864.0,1.69,2011,new,Great
1285,Mega Man X5,"Nov 30, 2000",3.2,111556.0,4.84,2000,retro,Great
1286,Tokyo Necro,"Jan 29, 2016",4.6,441.0,196.0,2016,new,Amazing
1287,Disney Dreamlight Valley,"Sep 06, 2022",3.5,16900.0,108241.0,2022,new,Great
1288,Mega Man 7,"Mar 24, 1995",3.5,164025.0,5.76,1995,retro,Great
1289,Figment,"Sep 22, 2017",2.8,15376.0,33489.0,2017,new,Good
1290,"Flower, Sun, and Rain: Murder and Mystery in Paradise","Mar 06, 2008",4.2,31684.0,166464.0,2008,new,Amazing
1291,Professor Layton vs. Phoenix Wright: Ace Attorney,"Nov 29, 2012",3.6,75625.0,3.24,2012,new,Great
1292,Metal Gear Solid: The Twin Snakes,"Mar 09, 2004",3.6,71289.0,3.61,2004,new,Great
1293,The Simpsons Game,"Oct 30, 2007",3.0,40000.0,14.44,2007,new,Good
1294,Mega Man Zero 2,"May 02, 2003",3.7,100489.0,3.61,2003,new,Great
1295,Gears 5,"Sep 09, 2019",3.4,145924.0,4.41,2019,new,Great
1296,Crash of the Titans,"Oct 04, 2007",3.0,40000.0,14.44,2007,new,Good
1297,Alan Wake Remastered,"Oct 05, 2021",3.7,43681.0,476100.0,2021,new,Great
1298,Final Fantasy XV: Royal Edition,"Mar 06, 2018",3.7,50625.0,2.89,2018,new,Great
1299,The Witcher,"Oct 26, 2007",3.0,48400.0,2.56,2007,new,Good
1300,Final Fantasy III,"Aug 24, 2006",3.1,116964.0,6.76,2006,new,Great
1301,Snatcher,"Oct 23, 1992",4.0,58564.0,299209.0,1992,retro,Great
1302,Hello Charlotte Ep.3: Childhood's End,"Jan 05, 2018",4.3,18769.0,179776.0,2018,new,Amazing
1303,Star Wars: Battlefront,"Sep 20, 2004",3.5,65025.0,16.81,2004,new,Great
1304,Ikaruga,"Dec 20, 2001",4.0,132496.0,1.69,2001,new,Great
1305,Diablo IV,"Jun 06, 2023",,21904.0,361.0,2023,new,
1306,Ys: The Oath in Felghana,"Jul 04, 2005",4.0,96721.0,1.0,2005,new,Great
1307,American McGee's Alice,"Dec 06, 2000",3.4,58564.0,1.21,2000,retro,Great
1308,Call of Duty,"Oct 29, 2003",3.3,75076.0,7.84,2003,new,Great
1309,Armored Core 2,"Oct 26, 2000",3.6,8464.0,77284.0,2000,retro,Great
1310,Clash of Clans,"Aug 02, 2012",2.5,5329.0,6.76,2012,new,Good
1311,Fate/stay night,"Jan 30, 2004",4.0,66564.0,3.61,2004,new,Great
1312,Tabletop Simulator,"Jun 05, 2015",3.7,21609.0,10.24,2015,new,Great
1313,Duskers,"May 18, 2016",3.6,2601.0,3721.0,2016,new,Great
1314,Control: Ultimate Edition,"Aug 27, 2020",4.0,54289.0,1.96,2020,new,Great
1315,Advance Wars,"Sep 10, 2001",3.7,70756.0,3.61,2001,new,Great
1316,Touhou Koumakyou: The Embodiment of Scarlet Devil,"Aug 11, 2002",3.8,47089.0,3.61,2002,new,Great
1317,Weird West,"Mar 31, 2022",3.0,24336.0,164025.0,2022,new,Good
1318,Pokémon Mystery Dungeon: Blue Rescue Team,"Nov 17, 2005",3.7,74529.0,14.44,2005,new,Great
1319,WarioWare Gold,"Jul 27, 2018",3.9,69696.0,2.89,2018,new,Great
1320,Dragon Ball: Xenoverse,"Feb 05, 2015",2.9,39204.0,13.69,2015,new,Good
1321,Call of Duty: Black Ops 4,"Oct 12, 2018",2.3,61504.0,12.25,2018,new,Good
1322,Bloodborne: Game of the Year Edition,"Nov 27, 2015",4.6,56644.0,2.25,2015,new,Amazing
1323,Ape Out,"Feb 28, 2019",3.5,108241.0,3.24,2019,new,Great
1324,WarioWare: Smooth Moves,"Dec 02, 2006",3.9,101761.0,9.61,2006,new,Great
1325,Puyo Puyo Tetris,"Feb 06, 2014",3.8,54289.0,9.61,2014,new,Great
1326,Prince of Persia: Warrior Within,"Nov 30, 2004",3.5,56169.0,7.84,2004,new,Great
1327,Kentucky Route Zero: TV Edition,"Jan 27, 2020",4.1,101761.0,595984.0,2020,new,Amazing
1328,Factorio,"Aug 14, 2020",4.2,35721.0,2.56,2020,new,Amazing
1329,Scott Pilgrim vs. the World: The Game - Complete Edition,"Jan 14, 2021",3.6,52441.0,1.44,2021,new,Great
1330,Monster Hunter 4 Ultimate,"Oct 11, 2014",4.2,67600.0,4.0,2014,new,Amazing
1331,Fruit Ninja Classic,"Apr 20, 2010",2.7,2916.0,14.44,2010,new,Good
1333,Tom Clancy's The Division,"Mar 07, 2016",2.8,57121.0,8.41,2016,new,Good
1334,Crysis 2,"Mar 22, 2011",3.1,32400.0,8.41,2011,new,Great
1335,Resident Evil 4: Wii Edition,"May 31, 2007",4.4,22801.0,1.21,2007,new,Amazing
1336,Nuclear Throne,"Dec 05, 2015",3.7,68644.0,4.84,2015,new,Great
1337,Super Hexagon,"Aug 31, 2012",3.4,41616.0,5.29,2012,new,Great
1338,Condemned: Criminal Origins,"Nov 16, 2005",3.5,61504.0,1.69,2005,new,Great
1339,PlayStation All-Stars Battle Royale,"Nov 20, 2012",2.4,43264.0,6.76,2012,new,Good
1340,Dragon Quest,"Mar 01, 2004",3.1,121801.0,3.24,2004,new,Great
1341,Pac-Man in a Tin,"Mar 22, 2023",,0.0,1.0,2023,new,
1342,Mount & Blade: Warband,"Mar 31, 2010",3.9,28224.0,5.76,2010,new,Great
1343,Monster Hunter Generations Ultimate,"Mar 18, 2017",4.2,32041.0,2.25,2017,new,Amazing
1344,The Jackbox Party Pack 3,"Oct 18, 2016",3.8,23104.0,7.29,2016,new,Great
1345,Digimon World: Next Order,"Mar 17, 2016",3.1,4356.0,103041.0,2016,new,Great
1346,Odin Sphere: Leifthrasir,"Jan 14, 2016",4.1,51984.0,801025.0,2016,new,Amazing
1347,Bulletstorm,"Feb 22, 2011",3.2,25281.0,5.29,2011,new,Great
1348,The Witcher 2: Assassins of Kings,"May 17, 2011",3.6,32761.0,2.56,2011,new,Great
1349,Pokémon Añil,"Mar 23, 2023",,4.0,1.0,2023,new,
1350,Animal Crossing: City Folk,"Nov 16, 2008",3.4,53824.0,9.61,2008,new,Great
1351,Microsoft Minesweeper,"Oct 08, 1990",3.2,6889.0,5.76,1990,retro,Great
1352,Sonic 3D Blast,"Nov 14, 1996",2.3,99225.0,5.29,1996,retro,Good
1353,Mario Party 4,"Oct 21, 2002",3.5,53361.0,9.0,2002,new,Great
1354,Mario Party 3,"Dec 07, 2000",3.7,47961.0,7.84,2000,retro,Great
1355,Peggle,"Feb 27, 2007",3.6,34225.0,6.25,2007,new,Great
1356,Plague Inc: Evolved,"Sep 18, 2015",3.1,7744.0,16.0,2015,new,Great
1357,Star Wars: Episode III - Revenge of the Sith,"May 05, 2005",3.1,19881.0,4.41,2005,new,Great
1358,Prince of Persia,"Dec 02, 2008",3.0,40401.0,6.25,2008,new,Good
1359,System Shock,"Sep 22, 1994",3.9,76176.0,295936.0,1994,retro,Great
1360,Sonic Rush Adventure,"Sep 14, 2007",3.5,77284.0,3.61,2007,new,Great
1361,Destroy All Humans!,"Jun 21, 2005",3.2,25600.0,4.84,2005,new,Great
1362,Marvel vs. Capcom: Clash of Super Heroes,"Jan 12, 1998",3.7,72361.0,4.0,1998,retro,Great
1363,The World Ends with You: Final Remix,"Sep 27, 2018",4.0,64009.0,2.25,2018,new,Great
1364,Ristar,"Feb 16, 1995",3.6,54289.0,1.44,1995,retro,Great
1365,Crash Team Racing Nitro-Fueled,"Jun 21, 2019",3.9,166464.0,6.25,2019,new,Great
1366,Mega Man X6,"Nov 29, 2001",2.3,94864.0,3.61,2001,new,Good
1367,Slender: The Eight Pages,"Jun 26, 2012",2.0,15129.0,7.29,2012,new,Okay
1368,Mark of the Ninja,"Sep 07, 2012",3.8,37249.0,3.61,2012,new,Great
1369,Octodad: Dadliest Catch,"Jan 30, 2014",3.2,28561.0,6.25,2014,new,Great
1370,Dragon Ball Z: Budokai Tenkaichi,"Oct 06, 2005",2.9,9216.0,2.89,2005,new,Good
1371,The King of Fighters XV,"Feb 16, 2022",4.0,51076.0,515524.0,2022,new,Great
1372,Killing Floor 2,"Nov 18, 2016",3.1,38025.0,7.84,2016,new,Great
1373,Ape Escape 3,"Jul 14, 2005",4.3,61009.0,763876.0,2005,new,Amazing
1374,The Simpsons Arcade Game,"Mar 04, 1991",3.3,19321.0,2.25,1991,retro,Great
1375,Toy Story 2: Buzz Lightyear to the Rescue!,"Nov 22, 1999",3.4,60025.0,5.29,1999,retro,Great
1376,Rayman Raving Rabbids,"Nov 19, 2006",2.7,18769.0,7.29,2006,new,Good
1377,Prototype 2,"Apr 24, 2012",3.0,19600.0,5.76,2012,new,Good
1378,MadWorld,"Mar 10, 2009",3.5,80089.0,1.21,2009,new,Great
1379,Call of Duty 3,"Nov 07, 2006",2.8,53361.0,8.41,2006,new,Good
1380,Shadow Warrior,"Sep 26, 2013",3.2,25921.0,2.89,2013,new,Great
1381,Warcraft III: The Frozen Throne,"Jul 01, 2003",4.3,25281.0,6.76,2003,new,Amazing
1382,Yakuza 4,"Mar 08, 2010",3.8,87025.0,1.96,2010,new,Great
1383,Megami Ibunroku Persona,"Sep 20, 1996",3.7,256.0,256.0,1996,retro,Great
1384,Persona 4 Arena,"Mar 01, 2012",3.4,38025.0,3.61,2012,new,Great
1385,Scribblenauts,"Sep 15, 2009",3.2,22801.0,10.24,2009,new,Great
1386,Rock Band 2,"Sep 14, 2008",4.0,32400.0,4.0,2008,new,Great
1387,Armored Core 4,"Dec 21, 2006",3.7,8464.0,63504.0,2006,new,Great
1388,Rez Infinite,"Oct 13, 2016",4.0,49284.0,508369.0,2016,new,Great
1389,Plants vs. Zombies 2: It's About Time,"Aug 15, 2013",2.7,6400.0,5.76,2013,new,Good
1390,Cadence of Hyrule: Crypt of the NecroDancer Featuring the Legend of Zelda,"Jun 13, 2019",3.6,72361.0,3.24,2019,new,Great
1391,100% Orange Juice,"Aug 15, 2009",3.4,12544.0,3.24,2009,new,Great
1392,Tekken 6,"Nov 26, 2007",3.4,55225.0,5.29,2007,new,Great
1393,Mortal Kombat 3,"Apr 15, 1995",3.1,26244.0,2.89,1995,retro,Great
1394,Pokémon Mystery Dungeon: Explorers of Time,"Sep 13, 2007",4.0,34596.0,5.29,2007,new,Great
1395,Chulip,"Oct 03, 2002",4.1,87616.0,94864.0,2002,new,Amazing
1396,Crash Nitro Kart,"Nov 11, 2003",3.1,19881.0,2.89,2003,new,Great
1397,Bubble Bobble,"Jun 16, 1986",3.3,34969.0,1.96,1986,retro,Great
1398,Shantae: Half-Genie Hero,"Dec 20, 2016",3.4,38416.0,2.25,2016,new,Great
1399,Snake,"Dec 18, 1997",3.1,4489.0,5.76,1997,retro,Great
1400,Tales of Vesperia,"Aug 07, 2008",3.9,38416.0,1.21,2008,new,Great
1401,Mega Man X8,"Dec 07, 2004",3.3,57121.0,1.96,2004,new,Great
1402,Fire Emblem: New Mystery of the Emblem,"Jul 15, 2010",3.7,60516.0,719104.0,2010,new,Great
1403,Mario & Luigi: Superstar Saga + Bowser's Minions,"Oct 05, 2017",3.9,40401.0,1.21,2017,new,Great
1404,Suikoden,"Dec 15, 1995",3.6,72900.0,870489.0,1995,retro,Great
1405,Binary Domain,"Feb 16, 2012",3.5,54756.0,1.21,2012,new,Great
1406,Shin Megami Tensei: Devil Survivor,"Jan 15, 2009",3.9,47961.0,1.0,2009,new,Great
1407,JoJo's Bizarre Adventure: Eyes of Heaven,"Dec 17, 2015",2.8,11236.0,2.89,2015,new,Good
1408,Audiosurf,"Feb 15, 2008",3.2,6724.0,2.56,2008,new,Great
1409,Better Call Saul Kart,"Sep 30, 2022",4.2,64.0,676.0,2022,new,Amazing
1410,The Secret of Monkey Island,"Oct 01, 1990",4.1,97344.0,1.96,1990,retro,Amazing
1411,Resistance: Fall of Man,"Nov 11, 2006",3.0,37636.0,1.69,2006,new,Good
1412,Sniper Elite 4,"Feb 13, 2017",3.1,33856.0,2.25,2017,new,Great
1413,Metal Gear Solid HD Collection,"Nov 08, 2011",4.5,13924.0,2.25,2011,new,Amazing
1414,The Simpsons: Road Rage,"Nov 19, 2001",2.9,10609.0,2.89,2001,new,Good
1415,Melty Blood Actress Again Current Code,"Jul 29, 2010",4.1,58564.0,3.61,2010,new,Amazing
1416,Path of Exile,"Oct 23, 2013",3.3,16900.0,5.76,2013,new,Great
1417,Machinarium,"Oct 16, 2009",3.7,49284.0,2.56,2009,new,Great
1418,Guacamelee!,"Apr 09, 2013",3.5,36481.0,3.24,2013,new,Great
1419,Tales of Zestiria,"Jan 22, 2015",2.7,74529.0,2.89,2015,new,Good
1420,Black,"Feb 24, 2006",3.4,54289.0,4.41,2006,new,Great
1421,Mario Super Sluggers,"Jun 19, 2008",3.7,23409.0,3.24,2008,new,Great
1422,Worms Armageddon,"Jan 29, 1999",3.8,32400.0,4.41,1999,retro,Great
1423,Street Fighter II Turbo,"Jul 11, 1993",3.7,30276.0,2.56,1993,retro,Great
1424,Tekken 4,"Jul 01, 2001",3.4,59049.0,3.61,2001,new,Great
1425,Legacy of Kain: Soul Reaver,"Aug 16, 1999",3.7,67600.0,1.69,1999,retro,Great
1426,Mega Man X7,"Jul 17, 2003",1.4,53361.0,1.69,2003,new,Okay
1427,Final Fantasy I & II: Dawn of Souls,"Jul 29, 2004",3.4,8649.0,1.21,2004,new,Great
1428,Mega Man ZX,"Jul 06, 2006",3.7,57121.0,1.69,2006,new,Great
1429,Metal Gear 2: Solid Snake,"Jul 20, 1990",3.5,93636.0,1.44,1990,retro,Great
1430,The Missing: J.J. Macfield and the Island of Memories,"Oct 11, 2018",3.8,58081.0,606841.0,2018,new,Great
1431,Silent Hill 2: Restless Dreams,"Dec 19, 2001",4.5,8100.0,264196.0,2001,new,Amazing
1432,Friday the 13th: The Game,"May 25, 2017",2.6,28900.0,4.84,2017,new,Good
1433,Quake II,"Dec 09, 1997",3.4,58564.0,2.25,1997,retro,Great
1434,NBA Jam,"Jun 02, 1993",3.6,11236.0,717409.0,1993,retro,Great
1435,Final Fantasy X HD Remaster,"Dec 26, 2013",4.3,19321.0,751689.0,2013,new,Amazing
1436,Mario vs. Donkey Kong,"May 24, 2004",3.3,29241.0,2.25,2004,new,Great
1437,Kenshi,"Dec 06, 2018",4.0,8100.0,277729.0,2018,new,Great
1438,Remember Me,"Jun 03, 2013",2.9,32041.0,2.56,2013,new,Good
1439,Alpha Protocol,"May 28, 2010",3.3,28900.0,974169.0,2010,new,Great
1440,Indivisible,"Oct 08, 2019",3.1,44521.0,938961.0,2019,new,Great
1441,Jazzpunk,"Feb 07, 2014",3.6,14884.0,874225.0,2014,new,Great
1442,Need for Speed: Hot Pursuit,"Nov 16, 2010",3.3,21904.0,4.0,2010,new,Great
1443,The House in Fata Morgana: A Requiem for Innocence,"Aug 16, 2015",4.3,15129.0,390625.0,2015,new,Amazing
1444,Phantom Brigade,"Feb 28, 2023",2.8,256.0,256.0,2023,new,Good
1445,Altered Beast,"Aug 01, 1988",2.5,44521.0,2.25,1988,retro,Good
1446,Broken Age,"Jan 28, 2014",3.1,32400.0,1.69,2014,new,Great
1447,Telling Lies,"Aug 23, 2019",2.8,34596.0,417316.0,2019,new,Good
1448,Saints Row: Gat Out of Hell,"Jan 20, 2015",2.4,25281.0,4.0,2015,new,Good
1449,Ratchet & Clank: Size Matters,"Feb 13, 2007",2.8,29584.0,2.25,2007,new,Good
1450,Mario Hoops 3-on-3,"Jul 27, 2006",3.5,17424.0,3.24,2006,new,Great
1451,Mario Power Tennis,"Oct 28, 2004",3.5,22500.0,3.61,2004,new,Great
1452,Keep Talking and Nobody Explodes,"Jul 16, 2015",3.7,20736.0,4.0,2015,new,Great
1453,The Swapper,"May 30, 2013",3.4,16900.0,1.21,2013,new,Great
1454,Ms. Pac-Man,"Feb 03, 1982",3.6,39204.0,2.56,1982,retro,Great
1455,Gun,"Nov 05, 2005",3.3,17161.0,1.96,2005,new,Great
1456,Naruto: Ultimate Ninja 3,"Dec 22, 2005",3.5,14400.0,3.61,2005,new,Great
1457,The Ultimate Doom,"Apr 30, 1995",4.1,21904.0,1.44,1995,retro,Amazing
1458,Superman: The New Superman Adventures,"May 31, 1999",0.7,4761.0,737881.0,1999,retro,Bad
1459,Ruiner,"Sep 26, 2017",3.2,31329.0,1.21,2017,new,Great
1460,The Lord of the Rings: The Two Towers,"Oct 21, 2002",3.3,10000.0,2.56,2002,new,Great
1461,Dragon Quest II: Luminaries of the Legendary Line,"Dec 31, 2005",3.0,46225.0,793881.0,2005,new,Good
1462,Chivalry: Medieval Warfare,"Oct 16, 2012",2.9,5329.0,2.56,2012,new,Good
1463,FIFA 14,"Sep 24, 2013",3.2,8464.0,4.84,2013,new,Great
1464,Bit.Trip Runner,"May 14, 2010",3.1,3364.0,1.44,2010,new,Great
1465,Pokémon Pinball: Ruby & Sapphire,"Aug 01, 2003",3.5,18225.0,2.56,2003,new,Great
1467,La-Mulana,"Jul 13, 2012",3.9,28900.0,242064.0,2012,new,Great
1468,The Warriors,"Oct 17, 2005",3.9,33124.0,859329.0,2005,new,Great
1469,Mortal Kombat XL,"Mar 01, 2016",3.6,9025.0,1.21,2016,new,Great
1470,Anonymous;Code,"Jul 28, 2022",4.2,1600.0,64.0,2022,new,Amazing
1471,Higurashi no Naku Koro ni: Chapter 2 - Watanagashi,"Dec 29, 2002",3.7,13924.0,1.44,2002,new,Great
1472,Aokana: Four Rhythms Across the Blue,"Jan 08, 2016",3.9,1024.0,26896.0,2016,new,Great
1473,Shantae and the Seven Sirens,"Mar 27, 2020",3.5,13924.0,262144.0,2020,new,Great
1474,Mega Man ZX Advent,"Jul 12, 2007",3.6,29929.0,952576.0,2007,new,Great
1475,Peggle Deluxe,"Mar 06, 2007",3.7,4761.0,881721.0,2007,new,Great
1476,Slither.io,"Mar 25, 2016",2.2,2116.0,4.41,2016,new,Good
1477,Twisted Metal,"Nov 05, 1995",3.1,13689.0,972196.0,1995,retro,Great
1478,Dragon Age: Origins - Awakening,"Mar 16, 2010",3.9,2500.0,1.0,2010,new,Great
1479,Parasite Eve II,"Dec 16, 1999",3.4,52441.0,582169.0,1999,retro,Great
1480,The Jackbox Party Pack,"Nov 18, 2014",2.9,10404.0,1.96,2014,new,Good
1481,Tom Clancy's Splinter Cell: Pandora Tomorrow,"Mar 23, 2004",3.4,18769.0,1.0,2004,new,Great
1482,Payday: The Heist,"Oct 18, 2011",2.9,3025.0,1.69,2011,new,Good
1483,Pokémon Rumble Blast,"Aug 11, 2011",2.9,9216.0,1.44,2011,new,Good
1484,Nicktoons Unite!,"Oct 26, 2005",2.5,2704.0,616225.0,2005,new,Good
1485,Ruined King: A League of Legends Story,"Nov 16, 2021",3.6,4624.0,170569.0,2021,new,Great
1486,Picross S3,"Apr 25, 2019",3.9,676.0,34969.0,2019,new,Great
1487,Lisa the Joyful,"Aug 24, 2015",3.7,15876.0,1.0,2015,new,Great
1488,The King of Fighters '98,"Jul 23, 1998",3.9,53361.0,2.25,1998,retro,Great
1489,Kingdoms of Amalur: Reckoning,"Feb 07, 2012",3.2,9801.0,1.44,2012,new,Great
1490,Grand Theft Auto,"Oct 21, 1997",2.5,32761.0,2.56,1997,retro,Good
1491,Europa Universalis IV,"Aug 13, 2013",3.8,18225.0,1.69,2013,new,Great
1493,Guitar Hero 5,"Sep 01, 2009",3.2,3969.0,1.21,2009,new,Great
1494,Silent Hill: Homecoming,"Sep 30, 2008",2.1,42436.0,1.69,2008,new,Good
1495,Mighty No. 9,"Jun 21, 2016",1.6,18769.0,822649.0,2016,new,Okay
1497,Dragon Ball GT: Final Bout,"Aug 21, 1997",1.8,6889.0,1.44,1997,retro,Okay
1498,Killzone 3,"Feb 22, 2011",3.1,24025.0,1.69,2011,new,Great
1499,WWE SmackDown vs. Raw 2008,"Nov 09, 2007",3.1,3844.0,1.96,2007,new,Great
1500,Children of Morta,"Sep 03, 2019",3.4,23409.0,528529.0,2019,new,Great
1501,The Godfather,"Mar 21, 2006",3.6,14641.0,1.21,2006,new,Great
1502,Billy Hatcher and the Giant Egg,"Sep 23, 2003",3.1,17689.0,635209.0,2003,new,Great
1503,Tekken Tag Tournament 2,"Sep 14, 2011",3.8,44521.0,2.89,2011,new,Great
1504,Bloons TD 5,"Dec 14, 2011",3.6,3844.0,2.56,2011,new,Great
1505,JoJo's Bizarre Adventure,"Oct 31, 1999",3.7,4225.0,401956.0,1999,retro,Great
1506,Another World,"Dec 31, 1991",3.3,53824.0,881721.0,1991,retro,Great
1507,Back to the Future: The Game,"Dec 22, 2010",3.2,8836.0,582169.0,2010,new,Great
1508,Team Sonic Racing,"May 21, 2019",2.9,69696.0,2.25,2019,new,Good
1509,Dragon's Dogma,"May 22, 2012",3.7,44100.0,1.21,2012,new,Great
1510,Baldur's Gate 3,"Oct 06, 2020",4.1,27225.0,72361.0,2020,new,Amazing
1511,The LEGO Movie Videogame,"Feb 04, 2014",2.8,33856.0,2.89,2014,new,Good
